AccountNumber,Name,LegacyFocalPointUser,LegacyOrgUnit,SuggestedFocalPoint,SuggestedOrgUnit
,UN Integrated Strategy for the Sahel (UNISS),Abdoul Aziz SOUMARE,"AFR, WAMCO, West Africa MCO",Abdoul Aziz SOUMARE,"AFR, WAMCO, West Africa MCO"
1105,KOICA Korea International Cooperation Agency,Arnaud Sgambato,"DP, PLG, Partnerships and Liaison Group",Arnaud Sgambato,"DP, PLG, Partnerships and Liaison Group"
1139,Republic of Korea,Arnaud Sgambato,"DP, PLG, Partnerships and Liaison Group",Arnaud Sgambato,"DP, PLG, Partnerships and Liaison Group"
1908,South Korea Ministry of Foreign Affairs,Arnaud Sgambato,"DP, PLG, Partnerships and Liaison Group",Arnaud Sgambato,"DP, PLG, Partnerships and Liaison Group"
1086,Ministry of Foreign Affairs of Denmark,Asbjorn Brink,"DP, PLG, Partnerships and Liaison Group",Asbjorn Brink,"DP, PLG, Partnerships and Liaison Group"
1087,Ministry for Foreign Affairs of Finland,Asbjorn Brink,"DP, PLG, Partnerships and Liaison Group",Asbjorn Brink,"DP, PLG, Partnerships and Liaison Group"
1101,NORAD Norwegian Agency for Development Cooperation,Asbjorn Brink,"DP, PLG, Partnerships and Liaison Group",Asbjorn Brink,"DP, PLG, Partnerships and Liaison Group"
1102,Ministry of Foreign Affairs of Norway,Asbjorn Brink,"DP, PLG, Partnerships and Liaison Group",Asbjorn Brink,"DP, PLG, Partnerships and Liaison Group"
1108,SIDA Swedish International Development Cooperation Agency,Asbjorn Brink,"DP, PLG, Partnerships and Liaison Group",Asbjorn Brink,"DP, PLG, Partnerships and Liaison Group"
1111,DFID Department For International Development,Asbjorn Brink,"DP, PLG, Partnerships and Liaison Group",Asbjorn Brink,"DP, PLG, Partnerships and Liaison Group"
1123,Denmark,Asbjorn Brink,"DP, PLG, Partnerships and Liaison Group",Asbjorn Brink,"DP, PLG, Partnerships and Liaison Group"
1124,Finland,Asbjorn Brink,"DP, PLG, Partnerships and Liaison Group",Asbjorn Brink,"DP, PLG, Partnerships and Liaison Group"
1136,Norway,Asbjorn Brink,"DP, PLG, Partnerships and Liaison Group",Asbjorn Brink,"DP, PLG, Partnerships and Liaison Group"
1144,United Kingdom of Great Britain and Northern Ireland,Asbjorn Brink,"DP, PLG, Partnerships and Liaison Group",Asbjorn Brink,"DP, PLG, Partnerships and Liaison Group"
1267,Sweden,Asbjorn Brink,"DP, PLG, Partnerships and Liaison Group",Asbjorn Brink,"DP, PLG, Partnerships and Liaison Group"
1610,British overseas territory of Anguilla,Asbjorn Brink,"DP, PLG, Partnerships and Liaison Group",Asbjorn Brink,"DP, PLG, Partnerships and Liaison Group"
1613,British overseas territory of Cayman Islands,Asbjorn Brink,"DP, PLG, Partnerships and Liaison Group",Asbjorn Brink,"DP, PLG, Partnerships and Liaison Group"
1618,British overseas territory of Montserrat,Asbjorn Brink,"DP, PLG, Partnerships and Liaison Group",Asbjorn Brink,"DP, PLG, Partnerships and Liaison Group"
1711,Fleming Fund,Asbjorn Brink,"DP, PLG, Partnerships and Liaison Group",Asbjorn Brink,"DP, PLG, Partnerships and Liaison Group"
1752,"FCDO Foreign, Commonwealth & Development Office",Asbjorn Brink,"DP, PLG, Partnerships and Liaison Group",Asbjorn Brink,"DP, PLG, Partnerships and Liaison Group"
1753,Ministry of Justice of Norway,Asbjorn Brink,"DP, PLG, Partnerships and Liaison Group",Asbjorn Brink,"DP, PLG, Partnerships and Liaison Group"
1754,SEPA Swedish Environmental Protection Agency,Asbjorn Brink,"DP, PLG, Partnerships and Liaison Group",Asbjorn Brink,"DP, PLG, Partnerships and Liaison Group"
1837,Norwegian Refugee Council,Asbjorn Brink,"DP, PLG, Partnerships and Liaison Group",Asbjorn Brink,"DP, PLG, Partnerships and Liaison Group"
1909,Sweden Ministry of Foreign Affairs,Asbjorn Brink,"DP, PLG, Partnerships and Liaison Group",Asbjorn Brink,"DP, PLG, Partnerships and Liaison Group"
1910,DESNZ Department for Energy Security and Net Zero,Asbjorn Brink,"DP, PLG, Partnerships and Liaison Group",Asbjorn Brink,"DP, PLG, Partnerships and Liaison Group"
,"Ministry of Climate, Energy and Utilities of Denmark",Asbjorn Brink,"DP, PLG, Partnerships and Liaison Group",Asbjorn Brink,"DP, PLG, Partnerships and Liaison Group"
,Carlsberg Group A/S,Asbjorn Brink,"DP, PLG, Partnerships and Liaison Group",Asbjorn Brink,"DP, PLG, Partnerships and Liaison Group"
,IFU - Impact Fund Denmark,Asbjorn Brink,"DP, PLG, Partnerships and Liaison Group",Asbjorn Brink,"DP, PLG, Partnerships and Liaison Group"
,Human Practice Foundation,Asbjorn Brink,"DP, PLG, Partnerships and Liaison Group",Asbjorn Brink,"DP, PLG, Partnerships and Liaison Group"
1261,WHO World Health Organization,Louise Jocelyn LEECH,"DP, PLG, Partnerships and Liaison Group",Daniel Nicolas Elliott,"DP, PLG, Partnerships and Liaison Group"
1445,Gavi The Vaccine Alliance,Louise Jocelyn LEECH,"DP, PLG, Partnerships and Liaison Group",Daniel Nicolas Elliott,"DP, PLG, Partnerships and Liaison Group"
1448,"GFATM Global Fund to Fight AIDS, Tuberculosis and Malaria",Louise Jocelyn LEECH,"DP, PLG, Partnerships and Liaison Group",Daniel Nicolas Elliott,"DP, PLG, Partnerships and Liaison Group"
1679,GFATM-AID Global Fund to fight AIDS,Louise Jocelyn LEECH,"DP, PLG, Partnerships and Liaison Group",Daniel Nicolas Elliott,"DP, PLG, Partnerships and Liaison Group"
1680,GFATM-TUB Global Fund to fight Tuberculosis,Louise Jocelyn LEECH,"DP, PLG, Partnerships and Liaison Group",Daniel Nicolas Elliott,"DP, PLG, Partnerships and Liaison Group"
1681,GFATM-MAL Global Fund to fight Malaria,Louise Jocelyn LEECH,"DP, PLG, Partnerships and Liaison Group",Daniel Nicolas Elliott,"DP, PLG, Partnerships and Liaison Group"
1312,Kuwait,Hala R Alsharifi,"MR, MROD, Office of the RD",Hala R Alsharifi,"DP, PLG, Partnerships and Liaison Group"
1319,Oman,Hala R Alsharifi,"MR, MROD, Office of the RD",Hala R Alsharifi,"DP, PLG, Partnerships and Liaison Group"
1371,Qatar,Hala R Alsharifi,"MR, MROD, Office of the RD",Hala R Alsharifi,"DP, PLG, Partnerships and Liaison Group"
1395,Saudi Arabia,Hala R Alsharifi,"MR, MROD, Office of the RD",Hala R Alsharifi,"DP, PLG, Partnerships and Liaison Group"
1425,United Arab Emirates,Hala R Alsharifi,"MR, MROD, Office of the RD",Hala R Alsharifi,"DP, PLG, Partnerships and Liaison Group"
1456,Mohammed bin Rashid Al Maktoum Foundation,Hala R Alsharifi,"MR, MROD, Office of the RD",Hala R Alsharifi,"DP, PLG, Partnerships and Liaison Group"
1571,IsDB Islamic Development Bank,Hala R Alsharifi,"MR, MROD, Office of the RD",Hala R Alsharifi,"DP, PLG, Partnerships and Liaison Group"
1723,SFD Saudi Fund for Development,Hala R Alsharifi,"MR, MROD, Office of the RD",Hala R Alsharifi,"DP, PLG, Partnerships and Liaison Group"
1761,KSRelief King Salman Humanitarian Aid and Relief Centre,Hala R Alsharifi,"MR, MROD, Office of the RD",Hala R Alsharifi,"DP, PLG, Partnerships and Liaison Group"
1818,QFFD Qatar Fund for Development,Hala R Alsharifi,"MR, MROD, Office of the RD",Hala R Alsharifi,"DP, PLG, Partnerships and Liaison Group"
1911,Saudi Arabia Ministry of Foreign Affairs,Hala R Alsharifi,"MR, MROD, Office of the RD",Hala R Alsharifi,"DP, PLG, Partnerships and Liaison Group"
1912,Qatar Ministry of Foreign Affairs,Hala R Alsharifi,"MR, MROD, Office of the RD",Hala R Alsharifi,"DP, PLG, Partnerships and Liaison Group"
1913,United Arab Emirates Ministry of Foreign Affairs,Hala R Alsharifi,"MR, MROD, Office of the RD",Hala R Alsharifi,"DP, PLG, Partnerships and Liaison Group"
1914,Kuwait Ministry of Foreign Affairs,Hala R Alsharifi,"MR, MROD, Office of the RD",Hala R Alsharifi,"DP, PLG, Partnerships and Liaison Group"
1915,KFAED Kuwait Fund for Arab Economic Development,Hala R Alsharifi,"MR, MROD, Office of the RD",Hala R Alsharifi,"DP, PLG, Partnerships and Liaison Group"
1916,Oman Ministry of Foreign Affairs,Hala R Alsharifi,"MR, MROD, Office of the RD",Hala R Alsharifi,"DP, PLG, Partnerships and Liaison Group"
1918,SDRPY Saudi Development and Reconstruction Program for Yemen,Hala R Alsharifi,"MR, MROD, Office of the RD",Hala R Alsharifi,"DP, PLG, Partnerships and Liaison Group"
1919,Qatar Charity,Hala R Alsharifi,"MR, MROD, Office of the RD",Hala R Alsharifi,"DP, PLG, Partnerships and Liaison Group"
1903,France Ministry for Europe and Foreign Affairs,Laetitia Kraus,"DP, PLG, Partnerships and Liaison Group",Laetitia Kraus,"DP, PLG, Partnerships and Liaison Group"
,Camara de Comercio de Cortes,Laura GIRON MARTINEZ,"LCR, CEMCO, Honduras",Laura GIRON MARTINEZ,"LCR, CEMCO, Honduras"
,Secretaría de Relaciones Exteriores y Cooperación Internacional,Laura GIRON MARTINEZ,"LCR, CEMCO, Honduras",Laura GIRON MARTINEZ,"LCR, CEMCO, Honduras"
1183,UNHCR Office of the United Nations High Commissioner for Refugees,Laurentiu Mastacan,"DP, PLG, Partnerships and Liaison Group",Laurentiu Mastacan,"DP, PLG, Partnerships and Liaison Group"
1182,ITC International Trade Centre,Lorraine ANABTAWI,"DP, PLG, Partnerships and Liaison Group",Lorraine ANABTAWI,"DP, PLG, Partnerships and Liaison Group"
,HR services for partners,Lorraine ANABTAWI,"DP, PLG, Partnerships and Liaison Group",Lorraine ANABTAWI,"DP, PLG, Partnerships and Liaison Group"
,MONUSCO,Lorraine ANABTAWI,"DP, PLG, Partnerships and Liaison Group",Lorraine ANABTAWI,"DP, PLG, Partnerships and Liaison Group"
1025,EU DG INTPA Directorate-General for International Partnerships,Mariacarmen   COLITTI,"DP, PLG, Partnerships and Liaison Group",Mariacarmen   COLITTI,"DP, PLG, Partnerships and Liaison Group"
1026,"EU DG ENEST, Directorate-General for Enlargement and Eastern Neighbourhood",Mariacarmen   COLITTI,"DP, PLG, Partnerships and Liaison Group",Mariacarmen   COLITTI,"DP, PLG, Partnerships and Liaison Group"
1029,EU DG ECHO Directorate-General for European Civil Protection and Humanitarian Aid Operations,Mariacarmen   COLITTI,"DP, PLG, Partnerships and Liaison Group",Mariacarmen   COLITTI,"DP, PLG, Partnerships and Liaison Group"
1864,BMWE German Federal Ministry for Economic Affairs and Energy,Mariacarmen   COLITTI,"DP, PLG, Partnerships and Liaison Group",Mariacarmen   COLITTI,"DP, PLG, Partnerships and Liaison Group"
,FPI - European Commission,Mariacarmen   COLITTI,"DP, PLG, Partnerships and Liaison Group",Mariacarmen   COLITTI,"DP, PLG, Partnerships and Liaison Group"
,Ministry of Foreign Affairs of Italy,Mariacarmen   COLITTI,"DP, PLG, Partnerships and Liaison Group",Mariacarmen   COLITTI,"DP, PLG, Partnerships and Liaison Group"
,AEF Africa-Europe Foundation,Celia KELLER MARTINEZ,"DP, PLG, Partnerships and Liaison Group",Mariacarmen   COLITTI,"DP, PLG, Partnerships and Liaison Group"
,EU DG CLIMA Directorate-General for Climate Action - Prospect,Celia KELLER MARTINEZ,"DP, PLG, Partnerships and Liaison Group",Mariacarmen   COLITTI,"DP, PLG, Partnerships and Liaison Group"
1247,IFAD International Fund for Agricultural Development,Martin Carlos Eduardo AREVALO DE LEON,"DP, PLG, Partnerships and Liaison Group",Martin Carlos Eduardo AREVALO DE LEON,"DP, PLG, Partnerships and Liaison Group"
1902,AICS Italian Agency for Development Cooperation,Martin Carlos Eduardo AREVALO DE LEON,"DP, PLG, Partnerships and Liaison Group",Martin Carlos Eduardo AREVALO DE LEON,"DP, PLG, Partnerships and Liaison Group"
1904,MAECI Italian Ministry of Foreign Affairs and International Cooperation,Martin Carlos Eduardo AREVALO DE LEON,"DP, PLG, Partnerships and Liaison Group",Martin Carlos Eduardo AREVALO DE LEON,"DP, PLG, Partnerships and Liaison Group"
1905,Italy Ministry of Environment,Martin Carlos Eduardo AREVALO DE LEON,"DP, PLG, Partnerships and Liaison Group",Martin Carlos Eduardo AREVALO DE LEON,"DP, PLG, Partnerships and Liaison Group"
,UN in Rome,Martin Carlos Eduardo AREVALO DE LEON,"DP, PLG, Partnerships and Liaison Group",Martin Carlos Eduardo AREVALO DE LEON,"DP, PLG, Partnerships and Liaison Group"
,Comunità Sant'Egidio,Martin Carlos Eduardo AREVALO DE LEON,"DP, PLG, Partnerships and Liaison Group",Martin Carlos Eduardo AREVALO DE LEON,"DP, PLG, Partnerships and Liaison Group"
,Extra Supports,Martin Carlos Eduardo AREVALO DE LEON,"DP, PLG, Partnerships and Liaison Group",Martin Carlos Eduardo AREVALO DE LEON,"DP, PLG, Partnerships and Liaison Group"
,RCO Mali,Michael DEUTSCHMANN,"AFR, WAMCO, Mali",Michael DEUTSCHMANN,"AFR, WAMCO, Mali"
1112,USAID United States Agency for International Development,Michael Patrick Ellsworth,"DP, PLG, Partnerships and Liaison Group",Michael Patrick Ellsworth,"DP, PLG, Partnerships and Liaison Group"
1113,USDOS United States Department of State,Michael Patrick Ellsworth,"DP, PLG, Partnerships and Liaison Group",Michael Patrick Ellsworth,"DP, PLG, Partnerships and Liaison Group"
1114,MCC Millennium Challenge Corporation,Michael Patrick Ellsworth,"DP, PLG, Partnerships and Liaison Group",Michael Patrick Ellsworth,"DP, PLG, Partnerships and Liaison Group"
1115,USDA United States Department of Agriculture,Michael Patrick Ellsworth,"DP, PLG, Partnerships and Liaison Group",Michael Patrick Ellsworth,"DP, PLG, Partnerships and Liaison Group"
1116,USAID Bureau of Humanitarian Assistance,Michael Patrick Ellsworth,"DP, PLG, Partnerships and Liaison Group",Michael Patrick Ellsworth,"DP, PLG, Partnerships and Liaison Group"
1443,IBRD International Bank of Reconstruction and Development,Christine Leslie BOWERS,"DP, PLG, Partnerships and Liaison Group",Michael Patrick Ellsworth,"DP, PLG, Partnerships and Liaison Group"
1628,ICSID International Centre for Settlement of Investment Disputes,Christine Leslie BOWERS,"DP, PLG, Partnerships and Liaison Group",Michael Patrick Ellsworth,"DP, PLG, Partnerships and Liaison Group"
1641,USAID and Affiliated U.S. Agency for International Development and Affiliated,Michael Patrick Ellsworth,"DP, PLG, Partnerships and Liaison Group",Michael Patrick Ellsworth,"DP, PLG, Partnerships and Liaison Group"
1646,The World Bank,Christine Leslie BOWERS,"DP, PLG, Partnerships and Liaison Group",Michael Patrick Ellsworth,"DP, PLG, Partnerships and Liaison Group"
1788,INL U.S. Department of State’s Bureau of International Narcotics and Law Enforcement Affairs,Michael Patrick Ellsworth,"DP, PLG, Partnerships and Liaison Group",Michael Patrick Ellsworth,"DP, PLG, Partnerships and Liaison Group"
1898,USMBHC The United States-Mexico Border Health Commission,Michael Patrick Ellsworth,"DP, PLG, Partnerships and Liaison Group",Michael Patrick Ellsworth,"DP, PLG, Partnerships and Liaison Group"
1917,DND Department of National Defence,Michael Patrick Ellsworth,"DP, PLG, Partnerships and Liaison Group",Michael Patrick Ellsworth,"DP, PLG, Partnerships and Liaison Group"
1222,UN WOMEN United Nations Entity for Gender Equality and the Empowerment of Women,Mikaela Solfrid Gerkman,"DP, PLG, Partnerships and Liaison Group",Mikaela Solfrid Gerkman,"DP, PLG, Partnerships and Liaison Group"
,JICA Japón,Mildred TEJADA CANACA,"LCR, CEMCO, Honduras",Mildred TEJADA CANACA,"LCR, CEMCO, Honduras"
1192,UNEP United Nations Environment Programme,Kajsa Johanna HARTMAN,"GPO, GVA, Water, Environment & Climate (WEC)",Noriko   Kominami,"DP, PLG, Partnerships and Liaison Group"
1193,UN-HABITAT United Nations Human Settlements Programme,Kajsa Johanna HARTMAN,"GPO, GVA, Water, Environment & Climate (WEC)",Noriko   Kominami,"DP, PLG, Partnerships and Liaison Group"
,Japan Embassy Conakry,Seynabou DIENG,"AFR, WAMCO, Senegal",Seynabou DIENG,"AFR, WAMCO, Senegal"
,Japan Embassy Guinea,Seynabou DIENG,"AFR, WAMCO, Senegal",Seynabou DIENG,"AFR, WAMCO, Senegal"
,British Virgin Islands,William SQUIER GONZALEZ,"LCR, ICMCO, Costa Rica",William SQUIER GONZALEZ,"LCR, ICMCO, Costa Rica"
,"Ministry of Health, Labour and Welfare (MHLW) Japan",Yuichi SUGAWARA,"DP, PLG, Partnerships and Liaison Group",Yuichi SUGAWARA,"DP, PLG, Partnerships and Liaison Group"
,"Ministry of Economy, Trade and Industry (METI) Japan",Yuichi SUGAWARA,"DP, PLG, Partnerships and Liaison Group",Yuichi SUGAWARA,"DP, PLG, Partnerships and Liaison Group"
,(To delete) Japanese private companies,Yuichi SUGAWARA,"DP, PLG, Partnerships and Liaison Group",Yuichi SUGAWARA,"DP, PLG, Partnerships and Liaison Group"
,"AAIC Japan Co., Ltd.",Yuichi SUGAWARA,"DP, PLG, Partnerships and Liaison Group",Yuichi SUGAWARA,"DP, PLG, Partnerships and Liaison Group"
,Hotel New Otani Tokyo,Yuichi SUGAWARA,"DP, PLG, Partnerships and Liaison Group",Yuichi SUGAWARA,"DP, PLG, Partnerships and Liaison Group"
,NEC Corporation,Yuichi SUGAWARA,"DP, PLG, Partnerships and Liaison Group",Yuichi SUGAWARA,"DP, PLG, Partnerships and Liaison Group"
,Allm Inc.,Yuichi SUGAWARA,"DP, PLG, Partnerships and Liaison Group",Yuichi SUGAWARA,"DP, PLG, Partnerships and Liaison Group"
,Nomura Research Institute (NRI),Yuichi SUGAWARA,"DP, PLG, Partnerships and Liaison Group",Yuichi SUGAWARA,"DP, PLG, Partnerships and Liaison Group"
,Twinbird Corporation,Yuichi SUGAWARA,"DP, PLG, Partnerships and Liaison Group",Yuichi SUGAWARA,"DP, PLG, Partnerships and Liaison Group"
,"Yamaha Motor Co., Ltd.",Yuichi SUGAWARA,"DP, PLG, Partnerships and Liaison Group",Yuichi SUGAWARA,"DP, PLG, Partnerships and Liaison Group"
1095,JICA Japan International Cooperation Agency,Yuko MAEKAWA,"DP, PLG, Partnerships and Liaison Group",Yuko MAEKAWA,"DP, PLG, Partnerships and Liaison Group"
1131,Japan,Yuko MAEKAWA,"DP, PLG, Partnerships and Liaison Group",Yuko MAEKAWA,"DP, PLG, Partnerships and Liaison Group"
1906,Japan Ministry of Foreign Affairs,Yuko MAEKAWA,"DP, PLG, Partnerships and Liaison Group",Yuko MAEKAWA,"DP, PLG, Partnerships and Liaison Group"
1907,"Japan Ministry of Health, Labour and Welfare",Yuko MAEKAWA,"DP, PLG, Partnerships and Liaison Group",Yuko MAEKAWA,"DP, PLG, Partnerships and Liaison Group"
1109,SDC Swiss Agency for Development and Cooperation,Louise Jocelyn LEECH,"DP, PLG, Partnerships and Liaison Group",,"DP, PLG, Partnerships and Liaison Group"
1142,Switzerland,Louise Jocelyn LEECH,"DP, PLG, Partnerships and Liaison Group",,"DP, PLG, Partnerships and Liaison Group"
1876,Clinton Health Access Initiative,Jose Ignacio MONZON EGANA,"GPO, NYPO, UN Technology Support Services",,
1877,Instituto Costarricense de Ferrocarriles,Jose Ignacio MONZON EGANA,"GPO, NYPO, UN Technology Support Services",,
1878,Comisión Nacional de Prevención de Riesgos y Atención de Emergencias,Jose Ignacio MONZON EGANA,"GPO, NYPO, UN Technology Support Services",,
1879,Global Alliance for a Sustainable Planet,Jose Ignacio MONZON EGANA,"GPO, NYPO, UN Technology Support Services",,
1880,Fund for Reconstruction and Development of the Republic of Uzbekistan,Jose Ignacio MONZON EGANA,"GPO, NYPO, UN Technology Support Services",,
1881,The Climate and Society Institute (ICS),Jose Ignacio MONZON EGANA,"GPO, NYPO, UN Technology Support Services",,
1882,Plan International Liberia,Jose Ignacio MONZON EGANA,"GPO, NYPO, UN Technology Support Services",,
1883,Minderoo Foundation,Jose Ignacio MONZON EGANA,"GPO, NYPO, UN Technology Support Services",,
1885,Global Climate Action Partnership (GCAP) Multi-Donor Fund,Jose Ignacio MONZON EGANA,"GPO, NYPO, UN Technology Support Services",,
1886,International Medical Corps UK,Jose Ignacio MONZON EGANA,"GPO, NYPO, UN Technology Support Services",,
1887,Sergey Brin Family Foundation,Jose Ignacio MONZON EGANA,"GPO, NYPO, UN Technology Support Services",,
1888,International Medical Corps US,Jose Ignacio MONZON EGANA,"GPO, NYPO, UN Technology Support Services",,
1889,Global Institute For Disease Elimination,Jose Ignacio MONZON EGANA,"GPO, NYPO, UN Technology Support Services",,
1890,Empresa Publica Metropolitana de Movilidad y Obras Publicas,Jose Ignacio MONZON EGANA,"GPO, NYPO, UN Technology Support Services",,
1891,Kharkiv City Council,Jose Ignacio MONZON EGANA,"GPO, NYPO, UN Technology Support Services",,
1892,CPP - Companhia Paulista de Parcerias,Jose Ignacio MONZON EGANA,"GPO, NYPO, UN Technology Support Services",,
1893,The Forest and Climate Leaders’ Partnership,Jose Ignacio MONZON EGANA,"GPO, NYPO, UN Technology Support Services",,
1894,Baylor College of Medicine Children’s Foundation Eswatini,Jose Ignacio MONZON EGANA,"GPO, NYPO, UN Technology Support Services",,
1895,Rockefeller Brothers Fund,Jose Ignacio MONZON EGANA,"GPO, NYPO, UN Technology Support Services",,
1896,NATO North Atlantic Treaty Organisation,Jose Ignacio MONZON EGANA,"GPO, NYPO, UN Technology Support Services",,
1897,PSI Population Services International Madagascar,Jose Ignacio MONZON EGANA,"GPO, NYPO, UN Technology Support Services",,
1899,Swaniti Initiative,Jose Ignacio MONZON EGANA,"GPO, NYPO, UN Technology Support Services",,
1900,CONAB Companhia Nacional de Abastecimento,Jose Ignacio MONZON EGANA,"GPO, NYPO, UN Technology Support Services",,
1901,Plan International Mali,Jose Ignacio MONZON EGANA,"GPO, NYPO, UN Technology Support Services",,
1920,APRA Accelerated Partnerships for Renewables in Africa,Jose Ignacio MONZON EGANA,"GPO, NYPO, UN Technology Support Services",,
1921,DRC Danish Refugee Council,Jose Ignacio MONZON EGANA,"GPO, NYPO, UN Technology Support Services",,
1922,ZESCO Limited,Jose Ignacio MONZON EGANA,"GPO, NYPO, UN Technology Support Services",,
1923,RF Catalytic Capital,Jose Ignacio MONZON EGANA,"GPO, NYPO, UN Technology Support Services",,
1924,Fuel Distribution Gaza,Jose Ignacio MONZON EGANA,"GPO, NYPO, UN Technology Support Services",,
1925,West African Development Bank,Jose Ignacio MONZON EGANA,"GPO, NYPO, UN Technology Support Services",,
1926,ANSES Agencia Nacional de la Seguridad Social,Jose Ignacio MONZON EGANA,"GPO, NYPO, UN Technology Support Services",,
1927,IGSS Instituto Guatemalteco de la Seguridad Social,Jose Ignacio MONZON EGANA,"GPO, NYPO, UN Technology Support Services",,
1928,The Energy Foundation,Isabela FRAIZ SOMOZA,"DP, PLG, Partnerships and Liaison Group",,
1929,Sow & Reap Agro Private Limited,Jose Ignacio MONZON EGANA,"GPO, NYPO, UN Technology Support Services",,
1930,Loughborough University,Jose Ignacio MONZON EGANA,"GPO, NYPO, UN Technology Support Services",,
1931,SED Fund,Isabela FRAIZ SOMOZA,,,
1932,Federación Red NicaSalud,Michael RIXON,"DP, PLG, Partnerships and Liaison Group",,
1933,Nehemia Christliches Hilfswerk e. V.,Jose Ignacio MONZON EGANA,"GPO, NYPO, UN Technology Support Services",,
1934,"The Regents of the University of California, on behalf of its Davis campus (UC Davis)",Jose Ignacio MONZON EGANA,"GPO, NYPO, UN Technology Support Services",,
1935,UNDP Multi-Partner Trust Fund Office,Michael RIXON,"DP, PLG, Partnerships and Liaison Group",,
1936,Caixa Econômica Federal,Jose Ignacio MONZON EGANA,"GPO, NYPO, UN Technology Support Services",,
1937,Stellenbosh University,Jose Ignacio MONZON EGANA,"GPO, NYPO, UN Technology Support Services",,
1938,EIF-3 Enhanced Integrated Framework Phase 3,Jose Ignacio MONZON EGANA,"GPO, NYPO, UN Technology Support Services",,
1939,Google LLC,Jose Ignacio MONZON EGANA,"GPO, NYPO, UN Technology Support Services",,
1940,Ville de Nice,Jose Ignacio MONZON EGANA,"GPO, NYPO, UN Technology Support Services",,
1941,The University of Sydney,Jose Ignacio MONZON EGANA,"GPO, NYPO, UN Technology Support Services",,
1942,COG Comite Olimpico Guatemalteco,Jose Ignacio MONZON EGANA,"GPO, NYPO, UN Technology Support Services",,
1943,"EU DG MENA, Directorate-General for the Middle East, North Africa and the Gulf",Isabela FRAIZ SOMOZA,"DP, PLG, Partnerships and Liaison Group",,
1944,"EU DG CLIMA, Directorate-General for Climate Action",Isabela FRAIZ SOMOZA,"DP, PLG, Partnerships and Liaison Group",,
1945,Cygnum Capital Asset Management Ltd.,Jose Ignacio MONZON EGANA,"GPO, NYPO, UN Technology Support Services",,
1946,ENEE Empresa Nacional de Energía Eléctrica,Jose Ignacio MONZON EGANA,"GPO, NYPO, UN Technology Support Services",,
1947,Parexel International LLC,Jose Ignacio MONZON EGANA,"GPO, NYPO, UN Technology Support Services",,
1948,Maisha Healthcare Inc.,Jose Ignacio MONZON EGANA,"GPO, NYPO, UN Technology Support Services",,
1949,Water PNG Limited,Isabela FRAIZ SOMOZA,"DP, PLG, Partnerships and Liaison Group",,
1950,Microbac SPA,Jose Ignacio MONZON EGANA,"GPO, NYPO, UN Technology Support Services",,
1951,EMPORNAC Empresa Portuaria Nacional Santo Tomás de Castilla,Michael RIXON,"DP, PLG, Partnerships and Liaison Group",,
1952,Chernihiv City Council,Michael RIXON,"DP, PLG, Partnerships and Liaison Group",,
1953,Kremenchuk City Council,Michael RIXON,"DP, PLG, Partnerships and Liaison Group",,
1954,Kryvyi Rih City Council,Michael RIXON,"DP, PLG, Partnerships and Liaison Group",,
1955,Mykolaiv City Council,Michael RIXON,"DP, PLG, Partnerships and Liaison Group",,
1956,Slavuta City Council,Michael RIXON,"DP, PLG, Partnerships and Liaison Group",,
1957,Sumy City Council,Michael RIXON,"DP, PLG, Partnerships and Liaison Group",,
1958,AFEF,Michael RIXON,"DP, PLG, Partnerships and Liaison Group",,
1959,Ministry of Economic Affairs of the Netherlands,Isabela FRAIZ SOMOZA,"DP, PLG, Partnerships and Liaison Group",,
1960,Windward Fund,Isabela FRAIZ SOMOZA,"DP, PLG, Partnerships and Liaison Group",,
1961,Empresa Electricidad Del Peru - Electroperu S A,Michael RIXON,"DP, PLG, Partnerships and Liaison Group",,
,.,Jose Ignacio MONZON EGANA,"GPO, NYPO, UN Technology Support Services",,
,Delete,Jose Ignacio MONZON EGANA,"GPO, NYPO, UN Technology Support Services",,
,To be deleted,Jose Ignacio MONZON EGANA,"GPO, NYPO, UN Technology Support Services",,
,Asian Institute of Technology (AIT),Mohammed Ameer SOBHAN,"GPO, GVA, Geneva",,